da,equity
2019-09-09 07:45:00,500.0
2019-09-10 08:45:00,500.0
2019-09-11 09:45:00,500.0
2019-09-12 10:45:00,500.0
2019-09-13 11:45:00,500.0
2019-09-14 12:45:00,500.0
2019-09-15 13:45:00,500.0
2019-09-16 14:45:00,500.0
2019-09-17 15:45:00,500.0
2019-09-18 16:45:00,500.0
2019-09-19 17:45:00,500.0
2019-09-20 18:45:00,500.0
2019-09-21 19:45:00,500.0
2019-09-22 20:45:00,500.0
2019-09-23 21:45:00,500.0
2019-09-24 22:45:00,500.0
2019-09-25 23:45:00,500.0
2019-09-27 00:45:00,500.0
2019-09-28 01:45:00,500.0
2019-09-29 02:45:00,500.0
2019-09-30 03:45:00,500.0
2019-10-01 04:45:00,500.0
2019-10-02 05:45:00,500.0
2019-10-03 06:45:00,500.0
2019-10-04 07:45:00,500.0
2019-10-05 08:45:00,500.0
2019-10-06 09:45:00,500.0
2019-10-07 10:45:00,500.0
2019-10-08 11:45:00,500.0
2019-10-09 12:45:00,500.0
2019-10-10 13:45:00,500.0
2019-10-11 14:45:00,500.0
2019-10-12 15:45:00,500.0
2019-10-13 16:45:00,500.0
2019-10-14 17:45:00,500.0
2019-10-15 18:45:00,500.0
2019-10-16 19:45:00,500.0
2019-10-17 20:45:00,500.0
2019-10-18 21:45:00,500.0
2019-10-19 22:45:00,500.0
2019-10-20 23:45:00,500.0
2019-10-22 00:45:00,500.0
2019-10-23 01:45:00,500.0
2019-10-24 02:45:00,500.0
2019-10-25 03:45:00,500.0
2019-10-26 04:45:00,500.0
2019-10-27 05:45:00,500.0
2019-10-28 06:45:00,500.0
2019-10-29 07:45:00,500.0
2019-10-30 08:45:00,500.0
2019-10-31 09:45:00,500.0
2019-11-01 10:45:00,500.0
2019-11-02 11:45:00,500.0
2019-11-03 12:45:00,500.0
2019-11-04 13:45:00,500.0
2019-11-05 14:45:00,500.0
2019-11-06 15:45:00,500.0
2019-11-07 16:45:00,500.0
2019-11-08 17:45:00,500.0
2019-11-09 18:45:00,500.0
2019-11-10 19:45:00,500.0
2019-11-11 20:45:00,500.0
2019-11-12 21:45:00,500.0
2019-11-13 22:45:00,500.0
2019-11-14 23:45:00,500.0
2019-11-16 00:45:00,500.0
2019-11-17 01:45:00,500.0
2019-11-18 02:45:00,500.0
2019-11-19 03:45:00,500.0
2019-11-20 04:45:00,500.0
2019-11-21 05:45:00,500.0
2019-11-22 06:45:00,500.0
2019-11-23 07:45:00,500.0
2019-11-24 08:45:00,500.0
2019-11-25 09:45:00,500.0
2019-11-26 10:45:00,500.0
2019-11-27 11:45:00,500.0
2019-11-28 12:45:00,500.0
2019-11-29 13:45:00,500.0
2019-11-30 14:45:00,500.0
2019-12-01 15:45:00,500.0
2019-12-02 16:45:00,500.0
2019-12-03 17:45:00,500.0
2019-12-04 18:45:00,500.0
2019-12-05 19:45:00,500.0
2019-12-06 20:45:00,500.0
2019-12-07 21:45:00,500.0
2019-12-08 22:45:00,500.0
2019-12-09 23:45:00,500.0
2019-12-11 00:45:00,500.0
2019-12-12 01:45:00,500.0
2019-12-13 02:45:00,500.0
2019-12-14 03:45:00,500.0
2019-12-15 04:45:00,500.0
2019-12-16 05:45:00,500.0
2019-12-17 06:45:00,500.0
2019-12-18 07:45:00,500.0
2019-12-19 08:45:00,500.0
2019-12-20 09:45:00,500.0
2019-12-21 10:45:00,500.0
2019-12-22 11:45:00,500.0
2019-12-23 12:45:00,500.0
2019-12-24 13:45:00,500.0
2019-12-25 14:45:00,500.0
2019-12-26 15:45:00,500.0
2019-12-27 16:45:00,500.0
2019-12-28 17:45:00,500.0
2019-12-29 18:45:00,500.0
2019-12-30 19:45:00,500.0
2019-12-31 20:45:00,500.0
2020-01-01 21:45:00,500.0
2020-01-02 22:45:00,500.0
2020-01-03 23:45:00,500.0
2020-01-05 00:45:00,500.0
2020-01-06 01:45:00,500.0
2020-01-07 02:45:00,500.0
2020-01-08 03:45:00,500.0
2020-01-09 04:45:00,500.0
2020-01-10 05:45:00,500.0
2020-01-11 06:45:00,500.0
2020-01-12 07:45:00,500.0
2020-01-13 08:45:00,500.0
2020-01-14 09:45:00,500.0
2020-01-15 10:45:00,500.0
2020-01-16 11:45:00,500.0
2020-01-17 12:45:00,500.0
2020-01-18 13:45:00,500.0
2020-01-19 14:45:00,500.0
2020-01-20 15:45:00,500.0
2020-01-21 16:45:00,500.0
2020-01-22 17:45:00,500.0
2020-01-23 18:45:00,500.0
2020-01-24 19:45:00,500.0
2020-01-25 20:45:00,500.0
2020-01-26 21:45:00,500.0
2020-01-27 22:45:00,500.0
2020-01-28 23:45:00,500.0
2020-01-30 00:45:00,500.0
2020-01-31 01:45:00,500.0
2020-02-01 02:45:00,500.0
2020-02-02 03:45:00,500.0
2020-02-03 04:45:00,500.0
2020-02-04 05:45:00,500.0
2020-02-05 06:45:00,500.0
2020-02-06 07:45:00,500.0
2020-02-07 08:45:00,500.0
2020-02-08 09:45:00,500.0
2020-02-09 10:45:00,500.0
2020-02-10 11:45:00,500.0
2020-02-11 12:45:00,500.0
2020-02-12 13:45:00,500.0
2020-02-13 14:45:00,500.0
2020-02-14 15:45:00,500.0
2020-02-15 16:45:00,500.0
2020-02-16 17:45:00,500.0
2020-02-17 18:45:00,500.0
2020-02-18 19:45:00,500.0
2020-02-19 20:45:00,500.0
2020-02-20 21:45:00,500.0
2020-02-21 22:45:00,500.0
2020-02-22 23:45:00,500.0
2020-02-24 00:45:00,500.0
2020-02-25 01:45:00,500.0
2020-02-26 02:45:00,500.0
2020-02-27 03:45:00,500.0
2020-02-28 04:45:00,500.0
2020-02-29 05:45:00,500.0
2020-03-01 06:45:00,500.0
2020-03-02 07:45:00,500.0
2020-03-03 08:45:00,500.0
2020-03-04 09:45:00,500.0
2020-03-05 10:45:00,500.0
2020-03-06 11:45:00,500.0
2020-03-07 12:45:00,500.0
2020-03-08 13:45:00,500.0
2020-03-09 14:45:00,500.0
2020-03-10 15:45:00,500.0
2020-03-11 16:45:00,500.0
2020-03-12 17:45:00,500.0
2020-03-13 18:45:00,500.0
2020-03-14 19:45:00,500.0
2020-03-15 20:45:00,500.0
2020-03-16 21:45:00,500.0
2020-03-17 22:45:00,500.0
2020-03-18 23:45:00,500.0
2020-03-20 00:45:00,500.0
2020-03-21 01:45:00,500.0
2020-03-22 02:45:00,500.0
2020-03-23 03:45:00,500.0
2020-03-24 04:45:00,500.0
2020-03-25 05:45:00,500.0
2020-03-26 06:45:00,500.0
2020-03-27 07:45:00,500.0
2020-03-28 08:45:00,500.0
2020-03-29 09:45:00,500.0
2020-03-30 10:45:00,500.0
2020-03-31 11:45:00,500.0
2020-04-01 12:45:00,500.0
2020-04-02 13:45:00,500.0
2020-04-03 14:45:00,500.0
2020-04-04 15:45:00,500.0
2020-04-05 16:45:00,500.0
2020-04-06 17:45:00,500.0
2020-04-07 18:45:00,500.0
2020-04-08 19:45:00,500.0
2020-04-09 20:45:00,500.0
2020-04-10 21:45:00,500.0
2020-04-11 22:45:00,500.0
2020-04-12 23:45:00,500.0
2020-04-14 00:45:00,500.0
2020-04-15 01:45:00,500.0
2020-04-16 02:45:00,500.0
2020-04-17 03:45:00,500.0
2020-04-18 04:45:00,500.0
2020-04-19 05:45:00,500.0
2020-04-20 06:45:00,500.0
2020-04-21 07:45:00,500.0
2020-04-22 08:45:00,500.0
2020-04-23 09:45:00,500.0
2020-04-24 10:45:00,500.0
2020-04-25 11:45:00,500.0
2020-04-26 12:45:00,500.0
2020-04-27 13:45:00,500.0
2020-04-28 14:45:00,500.0
2020-04-29 15:45:00,500.0
2020-04-30 16:45:00,500.0
2020-05-01 17:45:00,500.0
2020-05-02 18:45:00,500.0
2020-05-03 19:45:00,500.0
2020-05-04 20:45:00,500.0
2020-05-05 21:45:00,500.0
2020-05-06 22:45:00,500.0
2020-05-07 23:45:00,500.0
2020-05-09 00:45:00,500.0
2020-05-10 01:45:00,500.0
2020-05-11 02:45:00,500.0
2020-05-12 03:45:00,500.0
2020-05-13 04:45:00,500.0
2020-05-14 05:45:00,500.0
2020-05-15 06:45:00,500.0
2020-05-16 07:45:00,500.0
2020-05-17 08:45:00,500.0
2020-05-18 09:45:00,500.0
2020-05-19 10:45:00,500.0
2020-05-20 11:45:00,500.0
2020-05-21 12:45:00,500.0
2020-05-22 13:45:00,500.0
2020-05-23 14:45:00,500.0
2020-05-24 15:45:00,500.0
2020-05-25 16:45:00,500.0
2020-05-26 17:45:00,500.0
2020-05-27 18:45:00,500.0
2020-05-28 19:45:00,500.0
2020-05-29 20:45:00,500.0
2020-05-30 21:45:00,500.0
2020-05-31 22:45:00,500.0
2020-06-01 23:45:00,500.0
2020-06-03 00:45:00,500.0
2020-06-04 01:45:00,500.0
2020-06-05 02:45:00,500.0
2020-06-06 03:45:00,500.0
2020-06-07 04:45:00,500.0
2020-06-08 05:45:00,500.0
2020-06-09 06:45:00,500.0
2020-06-10 07:45:00,500.0
2020-06-11 08:45:00,500.0
2020-06-12 09:45:00,500.0
2020-06-13 10:45:00,500.0
2020-06-14 11:45:00,500.0
2020-06-15 12:45:00,500.0
2020-06-16 13:45:00,500.0
2020-06-17 14:45:00,500.0
2020-06-18 15:45:00,500.0
2020-06-19 16:45:00,500.0
2020-06-20 17:45:00,500.0
2020-06-21 18:45:00,500.0
2020-06-22 19:45:00,500.0
2020-06-23 20:45:00,500.0
2020-06-24 21:45:00,500.0
2020-06-25 22:45:00,500.0
2020-06-26 23:45:00,500.0
2020-06-28 00:45:00,500.0
2020-06-29 01:45:00,500.0
2020-06-30 02:45:00,500.0
2020-07-01 03:45:00,500.0
2020-07-02 04:45:00,500.0
2020-07-03 05:45:00,500.0
2020-07-04 06:45:00,500.0
2020-07-05 07:45:00,500.0
2020-07-06 08:45:00,500.0
2020-07-07 09:45:00,500.0
2020-07-08 10:45:00,500.0
2020-07-09 11:45:00,500.0
2020-07-10 12:45:00,500.0
2020-07-11 13:45:00,500.0
2020-07-12 14:45:00,500.0
2020-07-13 15:45:00,500.0
2020-07-14 16:45:00,500.0
2020-07-15 17:45:00,500.0
2020-07-16 18:45:00,500.0
2020-07-17 19:45:00,500.0
2020-07-18 20:45:00,500.0
2020-07-19 21:45:00,500.0
2020-07-20 22:45:00,500.0
2020-07-21 23:45:00,500.0
2020-07-23 00:45:00,500.0
2020-07-24 01:45:00,500.0
2020-07-25 02:45:00,500.0
2020-07-26 03:45:00,500.0
2020-07-27 04:45:00,500.0
2020-07-28 05:45:00,500.0
2020-07-29 06:45:00,500.0
2020-07-30 07:45:00,500.0
2020-07-31 08:45:00,500.0
2020-08-01 09:45:00,500.0
2020-08-02 10:45:00,500.0
2020-08-03 11:45:00,500.0
2020-08-04 12:45:00,500.0
2020-08-05 13:45:00,500.0
2020-08-06 14:45:00,500.0
2020-08-07 15:45:00,500.0
2020-08-08 16:45:00,500.0
2020-08-09 17:45:00,500.0
2020-08-10 18:45:00,500.0
2020-08-11 19:45:00,500.0
2020-08-12 20:45:00,500.0
2020-08-13 21:45:00,500.0
2020-08-14 22:45:00,500.0
2020-08-15 23:45:00,500.0
2020-08-17 00:45:00,500.0
2020-08-18 01:45:00,500.0
2020-08-19 02:45:00,500.0
2020-08-20 03:45:00,500.0
2020-08-21 04:45:00,500.0
2020-08-22 05:45:00,500.0
2020-08-23 06:45:00,500.0
2020-08-24 07:45:00,500.0
2020-08-25 08:45:00,500.0
2020-08-26 09:45:00,500.0
2020-08-27 10:45:00,500.0
2020-08-28 11:45:00,500.0
2020-08-29 12:45:00,500.0
2020-08-30 13:45:00,500.0
2020-08-31 14:45:00,500.0
2020-09-01 15:45:00,500.0
2020-09-02 16:45:00,500.0
2020-09-03 17:45:00,500.0
2020-09-04 18:45:00,500.0
2020-09-05 19:45:00,500.0
2020-09-06 20:45:00,500.0
2020-09-07 21:45:00,500.0
2020-09-08 22:45:00,500.0
2020-09-09 23:45:00,500.0
2020-09-11 00:45:00,500.0
2020-09-12 01:45:00,500.0
2020-09-13 02:45:00,500.0
2020-09-14 03:45:00,500.0
2020-09-15 04:45:00,500.0
2020-09-16 05:45:00,500.0
2020-09-17 06:45:00,500.0
2020-09-18 07:45:00,500.0
2020-09-19 08:45:00,500.0
2020-09-20 09:45:00,500.0
2020-09-21 10:45:00,500.0
2020-09-22 11:45:00,500.0
2020-09-23 12:45:00,500.0
2020-09-24 13:45:00,500.0
2020-09-25 14:45:00,500.0
2020-09-26 15:45:00,500.0
2020-09-27 16:45:00,500.0
2020-09-28 17:45:00,500.0
2020-09-29 18:45:00,500.0
2020-09-30 19:45:00,500.0
2020-10-01 20:45:00,500.0
2020-10-02 21:45:00,500.0
2020-10-03 22:45:00,500.0
2020-10-04 23:45:00,500.0
2020-10-06 00:45:00,500.0
2020-10-07 01:45:00,500.0
2020-10-08 02:45:00,500.0
2020-10-09 03:45:00,500.0
2020-10-10 04:45:00,500.0
2020-10-11 05:45:00,500.0
2020-10-12 06:45:00,500.0
2020-10-13 07:45:00,500.0
2020-10-14 08:45:00,500.0
2020-10-15 09:45:00,500.0
2020-10-16 10:45:00,500.0
2020-10-17 11:45:00,500.0
2020-10-18 12:45:00,500.0
2020-10-19 13:45:00,500.0
2020-10-20 14:45:00,500.0
2020-10-21 15:45:00,500.0
2020-10-22 16:45:00,500.0
2020-10-23 17:45:00,500.0
2020-10-24 18:45:00,500.0
2020-10-25 19:45:00,500.0
2020-10-26 20:45:00,500.0
2020-10-27 21:45:00,500.0
2020-10-28 22:45:00,500.0
2020-10-29 23:45:00,500.0
2020-10-31 00:45:00,500.0
2020-11-01 01:45:00,500.0
2020-11-02 02:45:00,500.0
2020-11-03 03:45:00,500.0
2020-11-04 04:45:00,500.0
2020-11-05 05:45:00,500.0
2020-11-06 06:45:00,500.0
2020-11-07 07:45:00,500.0
2020-11-08 08:45:00,500.0
2020-11-09 09:45:00,500.0
2020-11-10 10:45:00,500.0
2020-11-11 11:45:00,500.0
2020-11-12 12:45:00,500.0
2020-11-13 13:45:00,500.0
2020-11-14 14:45:00,500.0
2020-11-15 15:45:00,500.0
2020-11-16 16:45:00,500.0
2020-11-17 17:45:00,500.0
2020-11-18 18:45:00,500.0
2020-11-19 19:45:00,500.0
2020-11-20 20:45:00,500.0
2020-11-21 21:45:00,500.0
2020-11-22 22:45:00,500.0
2020-11-23 23:45:00,500.0
2020-11-25 00:45:00,500.0
2020-11-26 01:45:00,500.0
2020-11-27 02:45:00,500.0
2020-11-28 03:45:00,500.0
2020-11-29 04:45:00,500.0
2020-11-30 05:45:00,500.0
2020-12-01 06:45:00,500.0
2020-12-02 07:45:00,500.0
2020-12-03 08:45:00,500.0
2020-12-04 09:45:00,500.0
2020-12-05 10:45:00,500.0
2020-12-06 11:45:00,500.0
2020-12-07 12:45:00,500.0
2020-12-08 13:45:00,500.0
2020-12-09 14:45:00,500.0
2020-12-10 15:45:00,500.0
2020-12-11 16:45:00,500.0
2020-12-12 17:45:00,500.0
2020-12-13 18:45:00,500.0
2020-12-14 19:45:00,500.0
2020-12-15 20:45:00,500.0
2020-12-16 21:45:00,500.0
2020-12-17 22:45:00,500.0
2020-12-18 23:45:00,500.0
2020-12-20 00:45:00,500.0
2020-12-21 01:45:00,500.0
2020-12-22 02:45:00,500.0
2020-12-23 03:45:00,500.0
2020-12-24 04:45:00,500.0
2020-12-25 05:45:00,500.0
2020-12-26 06:45:00,500.0
2020-12-27 07:45:00,500.0
2020-12-28 08:45:00,500.0
2020-12-29 09:45:00,500.0
2020-12-30 10:45:00,500.0
2020-12-31 11:45:00,500.0
2021-01-01 12:45:00,500.0
2021-01-02 13:45:00,500.0
2021-01-03 14:45:00,500.0
2021-01-04 15:45:00,500.0
2021-01-05 16:45:00,500.0
2021-01-06 17:45:00,500.0
2021-01-07 18:45:00,500.0
2021-01-08 19:45:00,509.27
2021-01-09 20:45:00,509.27
2021-01-10 21:45:00,509.27
2021-01-11 22:45:00,509.27
2021-01-12 23:45:00,509.27
2021-01-14 00:45:00,509.27
2021-01-15 01:45:00,509.27
2021-01-16 02:45:00,509.27
2021-01-17 03:45:00,509.27
2021-01-18 04:45:00,509.27
2021-01-19 05:45:00,509.27
2021-01-20 06:45:00,509.27
2021-01-21 07:45:00,509.27
2021-01-22 08:45:00,509.27
2021-01-23 09:45:00,509.27
2021-01-24 10:45:00,509.27
2021-01-25 11:45:00,509.27
2021-01-26 12:45:00,509.27
2021-01-27 13:45:00,509.27
2021-01-28 14:45:00,509.27
2021-01-29 15:45:00,509.27
2021-01-30 16:45:00,509.27
2021-01-31 17:45:00,509.27
2021-02-01 18:45:00,509.27
2021-02-02 19:45:00,509.27
2021-02-03 20:45:00,509.27
2021-02-04 21:45:00,509.27
2021-02-05 22:45:00,509.27
2021-02-06 23:45:00,509.27
2021-02-08 00:45:00,509.27
2021-02-09 01:45:00,509.27
2021-02-10 02:45:00,509.27
2021-02-11 03:45:00,509.27
2021-02-12 04:45:00,509.27
2021-02-13 05:45:00,509.27
2021-02-14 06:45:00,509.27
2021-02-15 07:45:00,512.35
2021-02-16 08:45:00,512.35
2021-02-17 09:45:00,512.35
2021-02-18 10:45:00,512.35
2021-02-19 11:45:00,512.35
2021-02-20 12:45:00,512.35
2021-02-21 13:45:00,512.35
2021-02-22 14:45:00,512.35
2021-02-23 15:45:00,512.35
2021-02-24 16:45:00,512.35
2021-02-25 17:45:00,512.35
2021-02-26 18:45:00,512.35
2021-02-27 19:45:00,512.35
2021-02-28 20:45:00,512.35
2021-03-01 21:45:00,512.35
2021-03-02 22:45:00,512.35
2021-03-03 23:45:00,512.35
2021-03-05 00:45:00,512.35
2021-03-06 01:45:00,512.35
2021-03-07 02:45:00,512.35
2021-03-08 03:45:00,512.35
2021-03-09 04:45:00,512.35
2021-03-10 05:45:00,512.35
2021-03-11 06:45:00,512.35
2021-03-12 07:45:00,512.35
2021-03-13 08:45:00,512.35
2021-03-14 09:45:00,512.35
2021-03-15 10:45:00,512.35
2021-03-16 11:45:00,512.35
2021-03-17 12:45:00,512.35
2021-03-18 13:45:00,512.35
2021-03-19 14:45:00,512.35
2021-03-20 15:45:00,512.35
2021-03-21 16:45:00,512.35
2021-03-22 17:45:00,512.35
2021-03-23 18:45:00,512.35
2021-03-24 19:45:00,512.35
2021-03-25 20:45:00,512.35
2021-03-26 21:45:00,512.35
2021-03-27 22:45:00,512.35
2021-03-28 23:45:00,512.35
2021-03-30 00:45:00,512.35
2021-03-31 01:45:00,512.35
2021-04-01 02:45:00,512.35
2021-04-02 03:45:00,512.35
2021-04-03 04:45:00,512.35
2021-04-04 05:45:00,512.35
2021-04-05 06:45:00,512.35
2021-04-06 07:45:00,512.35
2021-04-07 08:45:00,512.35
2021-04-08 09:45:00,512.35
2021-04-09 10:45:00,512.35
2021-04-10 11:45:00,512.35
2021-04-11 12:45:00,512.35
2021-04-12 13:45:00,512.35
2021-04-13 14:45:00,512.35
2021-04-14 15:45:00,512.35
2021-04-15 16:45:00,512.35
2021-04-16 17:45:00,512.35
2021-04-17 18:45:00,512.35
2021-04-18 19:45:00,512.35
2021-04-19 20:45:00,512.35
2021-04-20 21:45:00,512.35
2021-04-21 22:45:00,512.35
2021-04-22 23:45:00,512.35
2021-04-24 00:45:00,512.35
2021-04-25 01:45:00,512.35
2021-04-26 02:45:00,512.35
2021-04-27 03:45:00,512.35
2021-04-28 04:45:00,512.35
2021-04-29 05:45:00,512.35
2021-04-30 06:45:00,512.35
2021-05-01 07:45:00,512.35
2021-05-02 08:45:00,512.35
2021-05-03 09:45:00,512.35
2021-05-04 10:45:00,512.35
2021-05-05 11:45:00,512.35
2021-05-06 12:45:00,512.35
2021-05-07 13:45:00,490.78
2021-05-08 14:45:00,490.78
2021-05-09 15:45:00,546.92
2021-05-10 16:45:00,625.17
2021-05-11 17:45:00,664.74
2021-05-12 18:45:00,664.74
2021-05-13 19:45:00,664.74
2021-05-14 20:45:00,664.74
2021-05-15 21:45:00,664.74
2021-05-16 22:45:00,664.74
2021-05-17 23:45:00,664.74
2021-05-19 00:45:00,664.74
2021-05-20 01:45:00,664.74
2021-05-21 02:45:00,664.74
2021-05-22 03:45:00,664.74
2021-05-23 04:45:00,664.74
2021-05-24 05:45:00,664.74
2021-05-25 06:45:00,664.74
2021-05-26 07:45:00,664.74
2021-05-27 08:45:00,664.74
2021-05-28 09:45:00,664.74
2021-05-29 10:45:00,664.74
2021-05-30 11:45:00,664.74
2021-05-31 12:45:00,664.74
2021-06-01 13:45:00,664.74
2021-06-02 14:45:00,664.74
2021-06-03 15:45:00,664.74
2021-06-04 16:45:00,664.74
2021-06-05 17:45:00,664.74
2021-06-06 18:45:00,664.74
2021-06-07 19:45:00,664.74
2021-06-08 20:45:00,664.74
2021-06-09 21:45:00,664.74
2021-06-10 22:45:00,664.74
2021-06-11 23:45:00,664.74
2021-06-13 00:45:00,664.74
2021-06-14 01:45:00,664.74
2021-06-15 02:45:00,664.74
2021-06-16 03:45:00,664.74
2021-06-17 04:45:00,664.74
2021-06-18 05:45:00,664.74
2021-06-19 06:45:00,664.74
2021-06-20 07:45:00,664.74
2021-06-21 08:45:00,664.74
2021-06-22 09:45:00,664.74
2021-06-23 10:45:00,664.74
2021-06-24 11:45:00,664.74
2021-06-25 12:45:00,664.74
2021-06-26 13:45:00,664.74
2021-06-27 14:45:00,664.74
2021-06-28 15:45:00,664.74
2021-06-29 16:45:00,664.74
2021-06-30 17:45:00,664.74
2021-07-01 18:45:00,664.74
2021-07-02 19:45:00,664.74
2021-07-03 20:45:00,664.74
2021-07-04 21:45:00,664.74
2021-07-05 22:45:00,664.74
2021-07-06 23:45:00,664.74
2021-07-08 00:45:00,664.74
2021-07-09 01:45:00,664.74
2021-07-10 02:45:00,664.74
2021-07-11 03:45:00,664.74
2021-07-12 04:45:00,664.74
2021-07-13 05:45:00,664.74
2021-07-14 06:45:00,664.74
2021-07-15 07:45:00,664.74
2021-07-16 08:45:00,664.74
2021-07-17 09:45:00,664.74
2021-07-18 10:45:00,664.74
2021-07-19 11:45:00,664.74
2021-07-20 12:45:00,664.74
2021-07-21 13:45:00,664.74
2021-07-22 14:45:00,664.74
2021-07-23 15:45:00,664.74
2021-07-24 16:45:00,664.74
2021-07-25 17:45:00,664.74
2021-07-26 18:45:00,664.74
2021-07-27 19:45:00,664.74
2021-07-28 20:45:00,664.74
2021-07-29 21:45:00,664.74
2021-07-30 22:45:00,664.74
2021-07-31 23:45:00,664.74
2021-08-02 00:45:00,664.74
2021-08-03 01:45:00,664.74
2021-08-04 02:45:00,664.74
2021-08-05 03:45:00,664.74
2021-08-06 04:45:00,664.74
2021-08-07 05:45:00,664.74
2021-08-08 06:45:00,664.74
2021-08-09 07:45:00,664.74
2021-08-10 08:45:00,664.74
2021-08-11 09:45:00,664.74
2021-08-12 10:45:00,664.74
2021-08-13 11:45:00,664.74
2021-08-14 12:45:00,664.74
2021-08-15 13:45:00,664.74
2021-08-16 14:45:00,664.74
2021-08-17 15:45:00,664.74
2021-08-18 16:45:00,664.74
2021-08-19 17:45:00,664.74
2021-08-20 18:45:00,664.74
2021-08-21 19:45:00,664.74
2021-08-22 20:45:00,664.74
2021-08-23 21:45:00,664.74
2021-08-24 22:45:00,664.74
2021-08-25 23:45:00,664.74
2021-08-27 00:45:00,664.74
2021-08-28 01:45:00,664.74
2021-08-29 02:45:00,664.74
2021-08-30 03:45:00,664.74
2021-08-31 04:45:00,664.74
2021-09-01 05:45:00,664.74
2021-09-02 06:45:00,664.74
2021-09-03 07:45:00,664.74
2021-09-04 08:45:00,664.74
2021-09-05 09:45:00,664.74
2021-09-06 10:45:00,664.74
2021-09-07 11:45:00,664.74
2021-09-08 12:45:00,664.74
2021-09-09 13:45:00,664.74
2021-09-10 14:45:00,664.74
2021-09-11 15:45:00,664.74
2021-09-12 16:45:00,664.74
2021-09-13 17:45:00,664.74
2021-09-14 18:45:00,664.74
2021-09-15 19:45:00,664.74
2021-09-16 20:45:00,664.74
2021-09-17 21:45:00,664.74
2021-09-18 22:45:00,664.74
2021-09-19 23:45:00,664.74
2021-09-21 00:45:00,664.74
2021-09-22 01:45:00,664.74
2021-09-23 02:45:00,664.74
2021-09-24 03:45:00,664.74
2021-09-25 04:45:00,664.74
2021-09-26 05:45:00,664.74
2021-09-27 06:45:00,664.74
2021-09-28 07:45:00,664.74
2021-09-29 08:45:00,664.74
2021-09-30 09:45:00,664.74
2021-10-01 10:45:00,664.74
2021-10-02 11:45:00,664.74
2021-10-03 12:45:00,664.74
2021-10-04 13:45:00,664.74
2021-10-05 14:45:00,664.74
2021-10-06 15:45:00,664.74
2021-10-07 16:45:00,664.74
2021-10-08 17:45:00,664.74
2021-10-09 18:45:00,664.74
2021-10-10 19:45:00,664.74
2021-10-11 20:45:00,664.74
2021-10-12 21:45:00,664.74
2021-10-13 22:45:00,664.74
2021-10-14 23:45:00,664.74
2021-10-16 00:45:00,664.74
2021-10-17 01:45:00,664.74
2021-10-18 02:45:00,664.74
2021-10-19 03:45:00,664.74
2021-10-20 04:45:00,664.74
2021-10-21 05:45:00,664.74
2021-10-22 06:45:00,664.74
2021-10-23 07:45:00,664.74
2021-10-24 08:45:00,664.74
2021-10-25 09:45:00,664.74
2021-10-26 10:45:00,664.74
2021-10-27 11:45:00,664.74
2021-10-28 12:45:00,664.74
2021-10-29 13:45:00,664.74
2021-10-30 14:45:00,664.74
2021-10-31 15:45:00,664.74
2021-11-01 16:45:00,664.74
2021-11-02 17:45:00,664.74
2021-11-03 18:45:00,664.74
2021-11-04 19:45:00,664.74
2021-11-05 20:45:00,664.74
2021-11-06 21:45:00,664.74
2021-11-07 22:45:00,664.74
2021-11-08 23:45:00,664.74
2021-11-10 00:45:00,664.74
2021-11-11 01:45:00,664.74
2021-11-12 02:45:00,664.74
2021-11-13 03:45:00,664.74
2021-11-14 04:45:00,664.74
2021-11-15 05:45:00,664.74
2021-11-16 06:45:00,664.74
2021-11-17 07:45:00,664.74
2021-11-18 08:45:00,664.74
2021-11-19 09:45:00,664.74
2021-11-20 10:45:00,664.74
2021-11-21 11:45:00,664.74
2021-11-22 12:45:00,664.74
2021-11-23 13:45:00,664.74
2021-11-24 14:45:00,664.74
2021-11-25 15:45:00,664.74
2021-11-26 16:45:00,664.74
2021-11-27 17:45:00,664.74
2021-11-28 18:45:00,664.74
2021-11-29 19:45:00,664.74
2021-11-30 20:45:00,664.74
2021-12-01 21:45:00,664.74
2021-12-02 22:45:00,664.74
2021-12-03 23:45:00,664.74
2021-12-05 00:45:00,664.74
2021-12-06 01:45:00,664.74
2021-12-07 02:45:00,664.74
2021-12-08 03:45:00,664.74
2021-12-09 04:45:00,664.74
2021-12-10 05:45:00,664.74
2021-12-11 06:45:00,664.74
2021-12-12 07:45:00,664.74
2021-12-13 08:45:00,664.74
2021-12-14 09:45:00,664.74
2021-12-15 10:45:00,664.74
2021-12-16 11:45:00,664.74
2021-12-17 12:45:00,664.74
2021-12-18 13:45:00,664.74
2021-12-19 14:45:00,664.74
2021-12-20 15:45:00,664.74
2021-12-21 16:45:00,664.74
2021-12-22 17:45:00,664.74
2021-12-23 18:45:00,664.74
2021-12-24 19:45:00,664.74
2021-12-25 20:45:00,664.74
2021-12-26 21:45:00,664.74
2021-12-27 22:45:00,664.74
2021-12-28 23:45:00,664.74
2021-12-30 00:45:00,664.74
2021-12-31 01:45:00,664.74
2022-01-01 02:45:00,664.74
2022-01-02 03:45:00,664.74
2022-01-03 04:45:00,664.74
2022-01-04 05:45:00,664.74
2022-01-05 06:45:00,664.74
2022-01-06 07:45:00,664.74
2022-01-07 08:45:00,664.74
2022-01-08 09:45:00,664.74
2022-01-09 10:45:00,664.74
2022-01-10 11:45:00,664.74
2022-01-11 12:45:00,664.74
2022-01-12 13:45:00,664.74
2022-01-13 14:45:00,664.74
2022-01-14 15:45:00,664.74
2022-01-15 16:45:00,664.74
2022-01-16 17:45:00,664.74
2022-01-17 18:45:00,664.74
2022-01-18 19:45:00,664.74
2022-01-19 20:45:00,664.74
2022-01-20 21:45:00,664.74
2022-01-21 22:45:00,664.74
2022-01-22 23:45:00,664.74
2022-01-24 00:45:00,664.74
2022-01-25 01:45:00,664.74
2022-01-26 02:45:00,664.74
2022-01-27 03:45:00,664.74
2022-01-28 04:45:00,664.74
2022-01-29 05:45:00,664.74
2022-01-30 06:45:00,664.74
2022-01-31 07:45:00,664.74
2022-02-01 08:45:00,664.74
2022-02-02 09:45:00,664.74
2022-02-03 10:45:00,664.74
2022-02-04 11:45:00,664.74
2022-02-05 12:45:00,664.74
2022-02-06 13:45:00,664.74
2022-02-07 14:45:00,664.74
2022-02-08 15:45:00,664.74
2022-02-09 16:45:00,664.74
2022-02-10 17:45:00,664.74
2022-02-11 18:45:00,664.74
2022-02-12 19:45:00,664.74
2022-02-13 20:45:00,664.74
2022-02-14 21:45:00,664.74
2022-02-15 22:45:00,664.74
2022-02-16 23:45:00,664.74
2022-02-18 00:45:00,664.74
2022-02-19 01:45:00,664.74
2022-02-20 02:45:00,664.74
2022-02-21 03:45:00,664.74
2022-02-22 04:45:00,664.74
2022-02-23 05:45:00,664.74
2022-02-24 06:45:00,664.74
2022-02-25 07:45:00,664.74
2022-02-26 08:45:00,664.74
2022-02-27 09:45:00,664.74
2022-02-28 10:45:00,664.74
2022-03-01 11:45:00,664.74
2022-03-02 12:45:00,664.74
2022-03-03 13:45:00,664.74
2022-03-04 14:45:00,664.74
2022-03-05 15:45:00,664.74
2022-03-06 16:45:00,664.74
2022-03-07 17:45:00,664.74
2022-03-08 18:45:00,664.74
2022-03-09 19:45:00,664.74
2022-03-10 20:45:00,664.74
2022-03-11 21:45:00,664.74
2022-03-12 22:45:00,664.74
2022-03-13 23:45:00,664.74
2022-03-15 00:45:00,664.74
2022-03-16 01:45:00,664.74
2022-03-17 02:45:00,664.74
2022-03-18 03:45:00,664.74
2022-03-19 04:45:00,664.74
2022-03-20 05:45:00,664.74
2022-03-21 06:45:00,664.74
2022-03-22 07:45:00,664.74
2022-03-23 08:45:00,664.74
2022-03-24 09:45:00,664.74
2022-03-25 10:45:00,664.74
2022-03-26 11:45:00,664.74
2022-03-27 12:45:00,664.74
2022-03-28 13:45:00,664.74
2022-03-29 14:45:00,664.74
2022-03-30 15:45:00,664.74
2022-03-31 16:45:00,664.74
2022-04-01 17:45:00,664.74
2022-04-02 18:45:00,664.74
2022-04-03 19:45:00,664.74
2022-04-04 20:45:00,664.74
2022-04-05 21:45:00,664.74
2022-04-06 22:45:00,664.74
2022-04-07 23:45:00,664.74
2022-04-09 00:45:00,664.74
2022-04-10 01:45:00,664.74
2022-04-11 02:45:00,664.74
2022-04-12 03:45:00,664.74
2022-04-13 04:45:00,664.74
2022-04-14 05:45:00,664.74
2022-04-15 06:45:00,664.74
2022-04-16 07:45:00,664.74
2022-04-17 08:45:00,664.74
2022-04-18 09:45:00,664.74
2022-04-19 10:45:00,664.74
2022-04-20 11:45:00,664.74
2022-04-21 12:45:00,664.74
2022-04-22 13:45:00,664.74
2022-04-23 14:45:00,664.74
2022-04-24 15:45:00,664.74
2022-04-25 16:45:00,664.74
2022-04-26 17:45:00,664.74
2022-04-27 18:45:00,664.74
2022-04-28 19:45:00,664.74
2022-04-29 20:45:00,664.74
2022-04-30 21:45:00,664.74
2022-05-01 22:45:00,664.74
2022-05-02 23:45:00,664.74
2022-05-04 00:45:00,664.74
2022-05-05 01:45:00,664.74
2022-05-06 02:45:00,664.74
2022-05-07 03:45:00,664.74
2022-05-08 04:45:00,664.74
2022-05-09 05:45:00,664.74
2022-05-10 06:45:00,664.74
2022-05-11 07:45:00,664.74
2022-05-12 08:45:00,664.74
2022-05-13 09:45:00,664.74
2022-05-14 10:45:00,664.74
2022-05-15 11:45:00,664.74
2022-05-16 12:45:00,664.74
2022-05-17 13:45:00,664.74
2022-05-18 14:45:00,664.74
2022-05-19 15:45:00,664.74
2022-05-20 16:45:00,664.74
2022-05-21 17:45:00,664.74
2022-05-22 18:45:00,664.74
2022-05-23 19:45:00,664.74
2022-05-24 20:45:00,664.74
2022-05-25 21:45:00,664.74
2022-05-26 22:45:00,664.74
2022-05-27 23:45:00,664.74
2022-05-29 00:45:00,664.74
2022-05-30 01:45:00,664.74
2022-05-31 02:45:00,664.74
2022-06-01 03:45:00,664.74
2022-06-02 04:45:00,664.74
2022-06-03 05:45:00,664.74
2022-06-04 06:45:00,664.74
2022-06-05 07:45:00,664.74
2022-06-06 08:45:00,664.74
2022-06-07 09:45:00,664.74
2022-06-08 10:45:00,664.74
2022-06-09 11:45:00,664.74
2022-06-10 12:45:00,664.74
2022-06-11 13:45:00,664.74
2022-06-12 14:45:00,664.74
2022-06-13 15:45:00,664.74
2022-06-14 16:45:00,664.74
2022-06-15 17:45:00,664.74
2022-06-16 18:45:00,664.74
2022-06-17 19:45:00,664.74
2022-06-18 20:45:00,664.74
2022-06-19 21:45:00,664.74
2022-06-20 22:45:00,664.74
2022-06-21 23:45:00,664.74
2022-06-23 00:45:00,664.74
2022-06-24 01:45:00,664.74
2022-06-25 02:45:00,664.74
2022-06-26 03:45:00,664.74
2022-06-27 04:45:00,664.74
2022-06-28 05:45:00,664.74
2022-06-29 06:45:00,664.74
2022-06-30 07:45:00,664.74
2022-07-01 08:45:00,664.74
2022-07-02 09:45:00,664.74
2022-07-03 10:45:00,664.74
2022-07-04 11:45:00,664.74
2022-07-05 12:45:00,664.74
2022-07-06 13:45:00,664.74
2022-07-07 14:45:00,664.74
2022-07-08 15:45:00,664.74
2022-07-09 16:45:00,664.74
2022-07-10 17:45:00,664.74
2022-07-11 18:45:00,664.74
2022-07-12 19:45:00,664.74
2022-07-13 20:45:00,664.74
2022-07-14 21:45:00,664.74
2022-07-15 22:45:00,664.74
2022-07-16 23:45:00,664.74
2022-07-18 00:45:00,664.74
2022-07-19 01:45:00,664.74
2022-07-20 02:45:00,664.74
2022-07-21 03:45:00,664.74
2022-07-22 04:45:00,664.74
2022-07-23 05:45:00,664.74
2022-07-24 06:45:00,664.74
2022-07-25 07:45:00,664.74
2022-07-26 08:45:00,664.74
2022-07-27 09:45:00,664.74
2022-07-28 10:45:00,664.74
2022-07-29 11:45:00,664.74
2022-07-30 12:45:00,664.74
2022-07-31 13:45:00,664.74
2022-08-01 14:45:00,664.74
2022-08-02 15:45:00,664.74
2022-08-03 16:45:00,664.74
2022-08-04 17:45:00,664.74
2022-08-05 18:45:00,664.74
2022-08-06 19:45:00,664.74
2022-08-07 20:45:00,664.74
2022-08-08 21:45:00,664.74
2022-08-09 22:45:00,664.74
2022-08-10 23:45:00,664.74
2022-08-12 00:45:00,664.74
2022-08-13 01:45:00,664.74
2022-08-14 02:45:00,664.74
2022-08-15 03:45:00,664.74
2022-08-16 04:45:00,664.74
2022-08-17 05:45:00,664.74
2022-08-18 06:45:00,664.74
2022-08-19 07:45:00,664.74
2022-08-20 08:45:00,664.74
2022-08-21 09:45:00,664.74
2022-08-22 10:45:00,664.74
2022-08-23 11:45:00,664.74
2022-08-24 12:45:00,664.74
2022-08-25 13:45:00,664.74
2022-08-26 14:45:00,664.74
2022-08-27 15:45:00,664.74
2022-08-28 16:45:00,664.74
2022-08-29 17:45:00,664.74
2022-08-30 18:45:00,664.74
2022-08-31 19:45:00,664.74
2022-09-01 20:45:00,664.74
2022-09-02 21:45:00,664.74
2022-09-03 22:45:00,664.74
2022-09-04 23:45:00,664.74
2022-09-06 00:45:00,664.74
2022-09-07 01:45:00,664.74
2022-09-08 02:45:00,664.74
2022-09-09 03:45:00,664.74
2022-09-10 04:45:00,664.74
2022-09-11 05:45:00,664.74
2022-09-12 06:45:00,664.74
2022-09-13 07:45:00,664.74
2022-09-14 08:45:00,664.74
2022-09-15 09:45:00,664.74
2022-09-16 10:45:00,664.74
2022-09-17 11:45:00,664.74
2022-09-18 12:45:00,664.74
2022-09-19 13:45:00,664.74
2022-09-20 14:45:00,664.74
2022-09-21 15:45:00,664.74
2022-09-22 16:45:00,664.74
2022-09-23 17:45:00,664.74
2022-09-24 18:45:00,664.74
2022-09-25 19:45:00,664.74
2022-09-26 20:45:00,664.74
2022-09-27 21:45:00,664.74
2022-09-28 22:45:00,664.74
2022-09-29 23:45:00,664.74
2022-10-01 00:45:00,664.74
2022-10-02 01:45:00,664.74
2022-10-03 02:45:00,664.74
2022-10-04 03:45:00,664.74
2022-10-05 04:45:00,664.74
2022-10-06 05:45:00,664.74
2022-10-07 06:45:00,664.74
2022-10-08 07:45:00,664.74
2022-10-09 08:45:00,664.74
2022-10-10 09:45:00,664.74
2022-10-11 10:45:00,664.74
2022-10-12 11:45:00,664.74
2022-10-13 12:45:00,664.74
2022-10-14 13:45:00,664.74
2022-10-15 14:45:00,664.74
2022-10-16 15:45:00,664.74
2022-10-17 16:45:00,664.74
2022-10-18 17:45:00,664.74
2022-10-19 18:45:00,664.74
2022-10-20 19:45:00,664.74
2022-10-21 20:45:00,664.74
2022-10-22 21:45:00,664.74
2022-10-23 22:45:00,664.74
2022-10-24 23:45:00,664.74
2022-10-26 00:45:00,664.74
2022-10-27 01:45:00,664.74
2022-10-28 02:45:00,664.74
2022-10-29 03:45:00,664.74
2022-10-30 04:45:00,664.74
2022-10-31 05:45:00,664.74
2022-11-01 06:45:00,664.74
2022-11-02 07:45:00,664.74
2022-11-03 08:45:00,664.74
2022-11-04 09:45:00,664.74
2022-11-05 10:45:00,664.74
2022-11-06 11:45:00,664.74
2022-11-07 12:45:00,664.74
2022-11-08 13:45:00,664.74
2022-11-09 14:45:00,664.74
2022-11-10 15:45:00,664.74
2022-11-11 16:45:00,664.74
2022-11-12 17:45:00,664.74
2022-11-13 18:45:00,664.74
2022-11-14 19:45:00,664.74
2022-11-15 20:45:00,664.74
2022-11-16 21:45:00,664.74
2022-11-17 22:45:00,664.74
2022-11-18 23:45:00,664.74
2022-11-20 00:45:00,664.74
2022-11-21 01:45:00,664.74
2022-11-22 02:45:00,664.74
2022-11-23 03:45:00,664.74
2022-11-24 04:45:00,664.74
2022-11-25 05:45:00,664.74
2022-11-26 06:45:00,664.74
2022-11-27 07:45:00,664.74
2022-11-28 08:45:00,664.74
2022-11-29 09:45:00,664.74
2022-11-30 10:45:00,664.74
2022-12-01 11:45:00,664.74
2022-12-02 12:45:00,664.74
2022-12-03 13:45:00,664.74
2022-12-04 14:45:00,664.74
2022-12-05 15:45:00,664.74
2022-12-06 16:45:00,664.74
2022-12-07 17:45:00,664.74
2022-12-08 18:45:00,664.74
2022-12-09 19:45:00,664.74
2022-12-10 20:45:00,664.74
2022-12-11 21:45:00,664.74
2022-12-12 22:45:00,664.74
2022-12-13 23:45:00,664.74
2022-12-15 00:45:00,664.74
2022-12-16 01:45:00,664.74
2022-12-17 02:45:00,664.74
2022-12-18 03:45:00,664.74
2022-12-19 04:45:00,664.74
2022-12-20 05:45:00,664.74
2022-12-21 06:45:00,664.74
2022-12-22 07:45:00,664.74
2022-12-23 08:45:00,664.74
2022-12-24 09:45:00,664.74
2022-12-25 10:45:00,664.74
2022-12-26 11:45:00,664.74
2022-12-27 12:45:00,664.74
2022-12-28 13:45:00,664.74
2022-12-29 14:45:00,664.74
2022-12-30 15:45:00,664.74
2022-12-31 16:45:00,664.74
2023-01-01 17:45:00,664.74
2023-01-02 18:45:00,664.74
2023-01-03 19:45:00,664.74
2023-01-04 20:45:00,664.74
2023-01-05 21:45:00,664.74
2023-01-06 22:45:00,664.74
2023-01-07 23:45:00,664.74
2023-01-09 00:45:00,664.74
2023-01-10 01:45:00,664.74
2023-01-11 02:45:00,664.74
2023-01-12 03:45:00,664.74
2023-01-13 04:45:00,664.74
2023-01-14 05:45:00,664.74
2023-01-15 06:45:00,664.74
2023-01-16 07:45:00,664.74
2023-01-17 08:45:00,664.74
2023-01-18 09:45:00,664.74
2023-01-19 10:45:00,664.74
2023-01-20 11:45:00,664.74
2023-01-21 12:45:00,664.74
2023-01-22 13:45:00,664.74
2023-01-23 14:45:00,664.74
2023-01-24 15:45:00,664.74
2023-01-25 16:45:00,664.74
2023-01-26 17:45:00,664.74
2023-01-27 18:45:00,664.74
2023-01-28 19:45:00,664.74
2023-01-29 20:45:00,664.74
2023-01-30 21:45:00,664.74
2023-01-31 22:45:00,664.74
2023-02-01 23:45:00,664.74
2023-02-03 00:45:00,664.74
2023-02-04 01:45:00,664.74
2023-02-05 02:45:00,664.74
2023-02-06 03:45:00,664.74
2023-02-07 04:45:00,664.74
2023-02-08 05:45:00,664.74
2023-02-09 06:45:00,664.74
2023-02-10 07:45:00,664.74
2023-02-11 08:45:00,664.74
2023-02-12 09:45:00,664.74
2023-02-13 10:45:00,664.74
2023-02-14 11:45:00,664.74
2023-02-15 12:45:00,664.74
2023-02-16 13:45:00,664.74
2023-02-17 14:45:00,664.74
2023-02-18 15:45:00,664.74
2023-02-19 16:45:00,664.74
2023-02-20 17:45:00,664.74
2023-02-21 18:45:00,664.74
2023-02-22 19:45:00,664.74
2023-02-23 20:45:00,664.74
2023-02-24 21:45:00,664.74
2023-02-25 22:45:00,664.74
2023-02-26 23:45:00,664.74
2023-02-28 00:45:00,664.74
2023-03-01 01:45:00,664.74
2023-03-02 02:45:00,664.74
2023-03-03 03:45:00,664.74
2023-03-04 04:45:00,664.74
2023-03-05 05:45:00,664.74
2023-03-06 06:45:00,664.74
2023-03-07 07:45:00,664.74
2023-03-08 08:45:00,664.74
2023-03-09 09:45:00,664.74
2023-03-10 10:45:00,664.74
2023-03-11 11:45:00,664.74
2023-03-12 12:45:00,664.74
2023-03-13 13:45:00,664.74
2023-03-14 14:45:00,664.74
2023-03-15 15:45:00,664.74
2023-03-16 16:45:00,664.74
2023-03-17 17:45:00,664.74
2023-03-18 18:45:00,664.74
2023-03-19 19:45:00,664.74
2023-03-20 20:45:00,664.74
2023-03-21 21:45:00,664.74
2023-03-22 22:45:00,664.74
2023-03-23 23:45:00,664.74
2023-03-25 00:45:00,664.74
2023-03-26 01:45:00,664.74
2023-03-27 02:45:00,664.74
2023-03-28 03:45:00,664.74
2023-03-29 04:45:00,664.74
2023-03-30 05:45:00,664.74
2023-03-31 06:45:00,664.74
2023-04-01 07:45:00,664.74
2023-04-02 08:45:00,664.74
2023-04-03 09:45:00,664.74
2023-04-04 10:45:00,664.74
2023-04-05 11:45:00,664.74
2023-04-06 12:45:00,664.74
2023-04-07 13:45:00,664.74
2023-04-08 14:45:00,664.74
2023-04-09 15:45:00,664.74
2023-04-10 16:45:00,664.74
2023-04-11 17:45:00,664.74
2023-04-12 18:45:00,664.74
2023-04-13 19:45:00,664.74
2023-04-14 20:45:00,664.74
2023-04-15 21:45:00,664.74
2023-04-16 22:45:00,664.74
2023-04-17 23:45:00,664.74
2023-04-19 00:45:00,664.74
2023-04-20 01:45:00,664.74
2023-04-21 02:45:00,664.74
2023-04-22 03:45:00,664.74
2023-04-23 04:45:00,664.74
2023-04-24 05:45:00,664.74
2023-04-25 06:45:00,664.74
2023-04-26 07:45:00,664.74
2023-04-27 08:45:00,664.74
2023-04-28 09:45:00,664.74
2023-04-29 10:45:00,664.74
2023-04-30 11:45:00,664.74
2023-05-01 12:45:00,664.74
2023-05-02 13:45:00,664.74
2023-05-03 14:45:00,664.74
2023-05-04 15:45:00,664.74
2023-05-05 16:45:00,664.74
2023-05-06 17:45:00,664.74
2023-05-07 18:45:00,664.74
2023-05-08 19:45:00,664.74
2023-05-09 20:45:00,664.74
2023-05-10 21:45:00,664.74
2023-05-11 22:45:00,664.74
2023-05-12 23:45:00,664.74
2023-05-14 00:45:00,664.74
2023-05-15 01:45:00,664.74
2023-05-16 02:45:00,664.74
2023-05-17 03:45:00,664.74
2023-05-18 04:45:00,664.74
2023-05-19 05:45:00,664.74
2023-05-20 06:45:00,664.74
2023-05-21 07:45:00,664.74
2023-05-22 08:45:00,664.74
2023-05-23 09:45:00,664.74
2023-05-24 10:45:00,664.74
2023-05-25 11:45:00,664.74
2023-05-26 12:45:00,664.74
2023-05-27 13:45:00,664.74
2023-05-28 14:45:00,664.74
2023-05-29 15:45:00,664.74
2023-05-30 16:45:00,664.74
2023-05-31 17:45:00,664.74
2023-06-01 18:45:00,664.74
2023-06-02 19:45:00,664.74
2023-06-03 20:45:00,664.74
2023-06-04 21:45:00,664.74
2023-06-05 22:45:00,664.74
2023-06-06 23:45:00,664.74
2023-06-08 00:45:00,664.74
2023-06-09 01:45:00,664.74
2023-06-10 02:45:00,664.74
2023-06-11 03:45:00,664.74
2023-06-12 04:45:00,664.74
2023-06-13 05:45:00,664.74
2023-06-14 06:45:00,664.74
2023-06-15 07:45:00,664.74
2023-06-16 08:45:00,664.74
2023-06-17 09:45:00,664.74
2023-06-18 10:45:00,664.74
2023-06-19 11:45:00,664.74
2023-06-20 12:45:00,664.74
2023-06-21 13:45:00,664.74
2023-06-22 14:45:00,664.74
2023-06-23 15:45:00,664.74
2023-06-24 16:45:00,664.74
2023-06-25 17:45:00,664.74
2023-06-26 18:45:00,664.74
2023-06-27 19:45:00,664.74
2023-06-28 20:45:00,664.74
2023-06-29 21:45:00,664.74
2023-06-30 22:45:00,664.74
2023-07-01 23:45:00,664.74
2023-07-03 00:45:00,664.74
2023-07-04 01:45:00,664.74
2023-07-05 02:45:00,664.74
2023-07-06 03:45:00,664.74
2023-07-07 04:45:00,664.74
2023-07-08 05:45:00,664.74
2023-07-09 06:45:00,664.74
2023-07-10 07:45:00,664.74
2023-07-11 08:45:00,664.74
2023-07-12 09:45:00,664.74
2023-07-13 10:45:00,664.74
2023-07-14 11:45:00,664.74
2023-07-15 12:45:00,664.74
2023-07-16 13:45:00,664.74
2023-07-17 14:45:00,664.74
2023-07-18 15:45:00,664.74
2023-07-19 16:45:00,664.74
2023-07-20 17:45:00,664.74
2023-07-21 18:45:00,664.74
2023-07-22 19:45:00,664.74
2023-07-23 20:45:00,664.74
2023-07-24 21:45:00,664.74
2023-07-25 22:45:00,664.74
2023-07-26 23:45:00,664.74
2023-07-28 00:45:00,664.74
2023-07-29 01:45:00,664.74
2023-07-30 02:45:00,664.74
2023-07-31 03:45:00,664.74
2023-08-01 04:45:00,664.74
2023-08-02 05:45:00,664.74
2023-08-03 06:45:00,664.74
2023-08-04 07:45:00,664.74
2023-08-05 08:45:00,664.74
2023-08-06 09:45:00,664.74
2023-08-07 10:45:00,664.74
2023-08-08 11:45:00,664.74
2023-08-09 12:45:00,664.74
2023-08-10 13:45:00,664.74
2023-08-11 14:45:00,664.74
2023-08-12 15:45:00,664.74
2023-08-13 16:45:00,664.74
2023-08-14 17:45:00,664.74
2023-08-15 18:45:00,664.74
2023-08-16 19:45:00,664.74
2023-08-17 20:45:00,664.74
2023-08-18 21:45:00,664.74
2023-08-19 22:45:00,664.74
2023-08-20 23:45:00,664.74
2023-08-22 00:45:00,664.74
2023-08-23 01:45:00,664.74
2023-08-24 02:45:00,664.74
2023-08-25 03:45:00,664.74
2023-08-26 04:45:00,664.74
2023-08-27 05:45:00,664.74
2023-08-28 06:45:00,664.74
2023-08-29 07:45:00,664.74
2023-08-30 08:45:00,664.74
2023-08-31 09:45:00,664.74
2023-09-01 10:45:00,664.74
2023-09-02 11:45:00,664.74
2023-09-03 12:45:00,664.74
2023-09-04 13:45:00,664.74
2023-09-05 14:45:00,664.74
2023-09-06 15:45:00,664.74
2023-09-07 16:45:00,664.74
2023-09-08 17:45:00,664.74
2023-09-09 18:45:00,664.74
2023-09-10 19:45:00,664.74
2023-09-11 20:45:00,664.74
2023-09-12 21:45:00,664.74
2023-09-13 22:45:00,664.74
2023-09-14 23:45:00,664.74
2023-09-16 00:45:00,664.74
2023-09-17 01:45:00,664.74
2023-09-18 02:45:00,664.74
2023-09-19 03:45:00,664.74
2023-09-20 04:45:00,664.74
2023-09-21 05:45:00,664.74
2023-09-22 06:45:00,664.74
2023-09-23 07:45:00,664.74
2023-09-24 08:45:00,664.74
2023-09-25 09:45:00,664.74
2023-09-26 10:45:00,664.74
2023-09-27 11:45:00,664.74
2023-09-28 12:45:00,664.74
2023-09-29 13:45:00,664.74
2023-09-30 14:45:00,664.74
2023-10-01 15:45:00,664.74
2023-10-02 16:45:00,664.74
2023-10-03 17:45:00,664.74
2023-10-04 18:45:00,664.74
2023-10-05 19:45:00,664.74
2023-10-06 20:45:00,664.74
2023-10-07 21:45:00,664.74
2023-10-08 22:45:00,664.74
2023-10-09 23:45:00,664.74
2023-10-11 00:45:00,664.74
2023-10-12 01:45:00,664.74
2023-10-13 02:45:00,664.74
2023-10-14 03:45:00,664.74
2023-10-15 04:45:00,664.74
2023-10-16 05:45:00,664.74
2023-10-17 06:45:00,664.74
2023-10-18 07:45:00,664.74
2023-10-19 08:45:00,664.74
2023-10-20 09:45:00,664.74
2023-10-21 10:45:00,664.74
2023-10-22 11:45:00,664.74
2023-10-23 12:45:00,664.74
2023-10-24 13:45:00,664.74
2023-10-25 14:45:00,664.74
2023-10-26 15:45:00,664.74
2023-10-27 16:45:00,664.74
2023-10-28 17:45:00,664.74
2023-10-29 18:45:00,664.74
2023-10-30 19:45:00,664.74
2023-10-31 20:45:00,664.74
2023-11-01 21:45:00,664.74
2023-11-02 22:45:00,664.74
2023-11-03 23:45:00,664.74
2023-11-05 00:45:00,664.74
2023-11-06 01:45:00,664.74
2023-11-07 02:45:00,664.74
2023-11-08 03:45:00,664.74
2023-11-09 04:45:00,664.74
2023-11-10 05:45:00,664.74
2023-11-11 06:45:00,664.74
2023-11-12 07:45:00,664.74
2023-11-13 08:45:00,664.74
2023-11-14 09:45:00,664.74
2023-11-15 10:45:00,664.74
2023-11-16 11:45:00,664.74
2023-11-17 12:45:00,664.74
2023-11-18 13:45:00,664.74
2023-11-19 14:45:00,664.74
2023-11-20 15:45:00,664.74
2023-11-21 16:45:00,664.74
2023-11-22 17:45:00,664.74
2023-11-23 18:45:00,664.74
2023-11-24 19:45:00,664.74
2023-11-25 20:45:00,664.74
2023-11-26 21:45:00,664.74
2023-11-27 22:45:00,664.74
2023-11-28 23:45:00,664.74
2023-11-30 00:45:00,664.74
2023-12-01 01:45:00,664.74
2023-12-02 02:45:00,664.74
2023-12-03 03:45:00,664.74
2023-12-04 04:45:00,664.74
2023-12-05 05:45:00,664.74
2023-12-06 06:45:00,664.74
2023-12-07 07:45:00,664.74
2023-12-08 08:45:00,664.74
2023-12-09 09:45:00,664.74
2023-12-10 10:45:00,664.74
2023-12-11 11:45:00,664.74
2023-12-12 12:45:00,664.74
2023-12-13 13:45:00,664.74
2023-12-14 14:45:00,664.74
2023-12-15 15:45:00,664.74
2023-12-16 16:45:00,664.74
2023-12-17 17:45:00,664.74
2023-12-18 18:45:00,664.74
2023-12-19 19:45:00,664.74
2023-12-20 20:45:00,664.74
2023-12-21 21:45:00,664.74
2023-12-22 22:45:00,664.74
2023-12-23 23:45:00,664.74
2023-12-25 00:45:00,664.74
2023-12-26 01:45:00,664.74
2023-12-27 02:45:00,664.74
2023-12-28 03:45:00,664.74
2023-12-29 04:45:00,664.74
2023-12-30 05:45:00,664.74
2023-12-31 06:45:00,664.74
2024-01-01 07:45:00,664.74
2024-01-02 08:45:00,664.74
2024-01-03 09:45:00,664.74
2024-01-04 10:45:00,664.74
2024-01-05 11:45:00,664.74
2024-01-06 12:45:00,664.74
2024-01-07 13:45:00,664.74
2024-01-08 14:45:00,664.74
2024-01-09 15:45:00,664.74
2024-01-10 16:45:00,664.74
2024-01-11 17:45:00,664.74
2024-01-12 18:45:00,664.74
2024-01-13 19:45:00,664.74
2024-01-14 20:45:00,664.74
2024-01-15 21:45:00,664.74
2024-01-16 22:45:00,664.74
2024-01-17 23:45:00,664.74
2024-01-19 00:45:00,664.74
2024-01-20 01:45:00,664.74
2024-01-21 02:45:00,664.74
2024-01-22 03:45:00,664.74
2024-01-23 04:45:00,664.74
2024-01-24 05:45:00,664.74
2024-01-25 06:45:00,664.74
2024-01-26 07:45:00,664.74
2024-01-27 08:45:00,664.74
2024-01-28 09:45:00,664.74
2024-01-29 10:45:00,664.74
2024-01-30 11:45:00,664.74
2024-01-31 12:45:00,664.74
2024-02-01 13:45:00,664.74
2024-02-02 14:45:00,664.74
2024-02-03 15:45:00,664.74
2024-02-04 16:45:00,664.74
2024-02-05 17:45:00,664.74
2024-02-06 18:45:00,664.74
2024-02-07 19:45:00,664.74
2024-02-08 20:45:00,664.74
2024-02-09 21:45:00,664.74
2024-02-10 22:45:00,664.74
2024-02-11 23:45:00,664.74
2024-02-13 00:45:00,664.74
2024-02-14 01:45:00,664.74
2024-02-15 02:45:00,664.74
2024-02-16 03:45:00,664.74
2024-02-17 04:45:00,664.74
2024-02-18 05:45:00,664.74
2024-02-19 06:45:00,649.4
2024-02-20 07:45:00,643.38
2024-02-21 08:45:00,643.38
2024-02-22 09:45:00,643.38
2024-02-23 10:45:00,643.38
2024-02-24 11:45:00,643.38
2024-02-25 12:45:00,643.38
2024-02-26 13:45:00,643.38
2024-02-27 14:45:00,643.38
2024-02-28 15:45:00,643.38
2024-02-29 16:45:00,643.38
2024-03-01 17:45:00,643.38
2024-03-02 18:45:00,643.38
2024-03-03 19:45:00,643.38
2024-03-04 20:45:00,643.38
2024-03-05 21:45:00,643.38
2024-03-06 22:45:00,643.38
2024-03-07 23:45:00,643.38
2024-03-09 00:45:00,643.38
2024-03-10 01:45:00,643.38
2024-03-11 02:45:00,643.38
2024-03-12 03:45:00,643.38
2024-03-13 04:45:00,643.38
2024-03-14 05:45:00,643.38
2024-03-15 06:45:00,643.38
2024-03-16 07:45:00,643.38
2024-03-17 08:45:00,643.38
2024-03-18 09:45:00,643.38
2024-03-19 10:45:00,643.38
2024-03-20 11:45:00,643.38
2024-03-21 12:45:00,643.38
2024-03-22 13:45:00,643.38
2024-03-23 14:45:00,643.38
2024-03-24 15:45:00,643.38
2024-03-25 16:45:00,643.38
2024-03-26 17:45:00,643.38
2024-03-27 18:45:00,643.38
2024-03-28 19:45:00,643.38
2024-03-29 20:45:00,643.38
2024-03-30 21:45:00,643.38
2024-03-31 22:45:00,643.38
2024-04-01 23:45:00,643.38
2024-04-03 00:45:00,643.38
2024-04-04 01:45:00,643.38
2024-04-05 02:45:00,643.38
2024-04-06 03:45:00,643.38
2024-04-07 04:45:00,643.38
2024-04-08 05:45:00,643.38
2024-04-09 06:45:00,643.38
2024-04-10 07:45:00,643.38
2024-04-11 08:45:00,643.38
2024-04-12 09:45:00,643.38
2024-04-13 10:45:00,643.38
2024-04-14 11:45:00,643.38
2024-04-15 12:45:00,643.38
2024-04-16 13:45:00,643.38
2024-04-17 14:45:00,643.38
2024-04-18 15:45:00,643.38
2024-04-19 16:45:00,643.38
2024-04-20 17:45:00,643.38
2024-04-21 18:45:00,643.38
2024-04-22 19:45:00,643.38
2024-04-23 20:45:00,643.38
2024-04-24 21:45:00,643.38
2024-04-25 22:45:00,643.38
2024-04-26 23:45:00,643.38
2024-04-28 00:45:00,643.38
2024-04-29 01:45:00,643.38
2024-04-30 02:45:00,643.38
2024-05-01 03:45:00,643.38
2024-05-02 04:45:00,643.38
2024-05-03 05:45:00,643.38
2024-05-04 06:45:00,643.38
2024-05-05 07:45:00,643.38
2024-05-06 08:45:00,643.38
2024-05-07 09:45:00,643.38
2024-05-08 10:45:00,643.38
2024-05-09 11:45:00,643.38
2024-05-10 12:45:00,643.38
2024-05-11 13:45:00,643.38
2024-05-12 14:45:00,643.38
2024-05-13 15:45:00,643.38
2024-05-14 16:45:00,643.38
2024-05-15 17:45:00,643.38
2024-05-16 18:45:00,643.38
2024-05-17 19:45:00,643.38
2024-05-18 20:45:00,643.38
2024-05-19 21:45:00,643.38
2024-05-20 22:45:00,643.38
2024-05-21 23:45:00,643.38
2024-05-23 00:45:00,643.38
2024-05-24 01:45:00,643.38
2024-05-25 02:45:00,643.38
2024-05-26 03:45:00,643.38
2024-05-27 04:45:00,643.38
2024-05-28 05:45:00,643.38
2024-05-29 06:45:00,643.38
2024-05-30 07:45:00,643.38
2024-05-31 08:45:00,643.38
2024-06-01 09:45:00,643.38
2024-06-02 10:45:00,643.38
2024-06-03 11:45:00,643.38
2024-06-04 12:45:00,643.38
2024-06-05 13:45:00,643.38
2024-06-06 14:45:00,643.38
2024-06-07 15:45:00,643.38
2024-06-08 16:45:00,643.38
2024-06-09 17:45:00,643.38
2024-06-10 18:45:00,643.38
2024-06-11 19:45:00,643.38
2024-06-12 20:45:00,643.38
2024-06-13 21:45:00,643.38
2024-06-14 22:45:00,643.38
2024-06-15 23:45:00,643.38
2024-06-17 00:45:00,643.38
2024-06-18 01:45:00,643.38
2024-06-19 02:45:00,643.38
2024-06-20 03:45:00,643.38
2024-06-21 04:45:00,643.38
2024-06-22 05:45:00,643.38
2024-06-23 06:45:00,643.38
2024-06-24 07:45:00,643.38
2024-06-25 08:45:00,643.38
2024-06-26 09:45:00,643.38
2024-06-27 10:45:00,643.38
2024-06-28 11:45:00,643.38
2024-06-29 12:45:00,643.38
2024-06-30 13:45:00,643.38
2024-07-01 14:45:00,643.38
2024-07-02 15:45:00,643.38
2024-07-03 16:45:00,643.38
2024-07-04 17:45:00,643.38
2024-07-05 18:45:00,643.38
2024-07-06 19:45:00,643.38
2024-07-07 20:45:00,643.38
2024-07-08 21:45:00,643.38
2024-07-09 22:45:00,643.38
2024-07-10 23:45:00,643.38
2024-07-12 00:45:00,643.38
2024-07-13 01:45:00,643.38
2024-07-14 02:45:00,643.38
2024-07-15 03:45:00,643.38
2024-07-16 04:45:00,643.38
2024-07-17 05:45:00,643.38
2024-07-18 06:45:00,643.38
2024-07-19 07:45:00,643.38
2024-07-20 08:45:00,643.38
2024-07-21 09:45:00,643.38
2024-07-22 10:45:00,643.38
2024-07-23 11:45:00,643.38
2024-07-24 12:45:00,643.38
2024-07-25 13:45:00,643.38
2024-07-26 14:45:00,643.38
2024-07-27 15:45:00,643.38
2024-07-28 16:45:00,643.38
2024-07-29 17:45:00,643.38
2024-07-30 18:45:00,643.38
2024-07-31 19:45:00,643.38
2024-08-01 20:45:00,643.38
2024-08-02 21:45:00,643.38
2024-08-03 22:45:00,643.38
2024-08-04 23:45:00,643.38
2024-08-06 00:45:00,643.38
2024-08-07 01:45:00,643.38
2024-08-08 02:45:00,643.38
2024-08-09 03:45:00,643.38
2024-08-10 04:45:00,643.38
2024-08-11 05:45:00,643.38
2024-08-12 06:45:00,643.38
2024-08-13 07:45:00,643.38
2024-08-14 08:45:00,643.38
2024-08-15 09:45:00,643.38
2024-08-16 10:45:00,643.38
2024-08-17 11:45:00,643.38
2024-08-18 12:45:00,643.38
2024-08-19 13:45:00,643.38
2024-08-20 14:45:00,643.38
2024-08-21 15:45:00,643.38
2024-08-22 16:45:00,643.38
2024-08-23 17:45:00,643.38
2024-08-24 18:45:00,643.38
2024-08-25 19:45:00,643.38
2024-08-26 20:45:00,643.38
2024-08-27 21:45:00,643.38
2024-08-28 22:45:00,643.38
2024-08-29 23:45:00,643.38
2024-08-31 00:45:00,643.38
2024-09-01 01:45:00,643.38
2024-09-02 02:45:00,643.38
2024-09-03 03:45:00,643.38
2024-09-04 04:45:00,643.38
2024-09-05 05:45:00,643.38
2024-09-06 06:45:00,643.38
2024-09-07 07:45:00,643.38
2024-09-08 08:45:00,643.38
2024-09-09 09:45:00,643.38
2024-09-10 10:45:00,643.38
2024-09-11 11:45:00,643.38
2024-09-12 12:45:00,643.38
2024-09-13 13:45:00,643.38
2024-09-14 14:45:00,643.38
2024-09-15 15:45:00,643.38
2024-09-16 16:45:00,643.38
2024-09-17 17:45:00,643.38
2024-09-18 18:45:00,643.38
2024-09-19 19:45:00,643.38
2024-09-20 20:45:00,643.38
2024-09-21 21:45:00,643.38
2024-09-22 22:45:00,643.38
2024-09-23 23:45:00,643.38
2024-09-25 00:45:00,643.38
2024-09-26 01:45:00,643.38
2024-09-27 02:45:00,643.38
2024-09-28 03:45:00,643.38
2024-09-29 04:45:00,643.38
2024-09-30 05:45:00,643.38
2024-10-01 06:45:00,643.38
2024-10-02 07:45:00,643.38
2024-10-03 08:45:00,643.38
2024-10-04 09:45:00,643.38
2024-10-05 10:45:00,643.38
2024-10-06 11:45:00,643.38
2024-10-07 12:45:00,643.38
2024-10-08 13:45:00,643.38
2024-10-09 14:45:00,643.38
2024-10-10 15:45:00,643.38
2024-10-11 16:45:00,643.38
2024-10-12 17:45:00,643.38
2024-10-13 18:45:00,643.38
2024-10-14 19:45:00,643.38
2024-10-15 20:45:00,643.38
2024-10-16 21:45:00,643.38
2024-10-17 22:45:00,643.38
2024-10-18 23:45:00,643.38
2024-10-20 00:45:00,643.38
2024-10-21 01:45:00,643.38
2024-10-22 02:45:00,643.38
2024-10-23 03:45:00,643.38
2024-10-24 04:45:00,643.38
2024-10-25 05:45:00,643.38
2024-10-26 06:45:00,643.38
2024-10-27 07:45:00,643.38
2024-10-28 08:45:00,643.38
2024-10-29 09:45:00,643.38
2024-10-30 10:45:00,643.38
2024-10-31 11:45:00,643.38
2024-11-01 12:45:00,643.38
2024-11-02 13:45:00,643.38
2024-11-03 14:45:00,643.38
2024-11-04 15:45:00,643.38
2024-11-05 16:45:00,643.38
2024-11-06 17:45:00,643.38
2024-11-07 18:45:00,643.38
2024-11-08 19:45:00,643.38
2024-11-09 20:45:00,643.38
2024-11-10 21:45:00,643.38
2024-11-11 22:45:00,643.38
2024-11-12 23:45:00,643.38
2024-11-14 00:45:00,643.38
2024-11-15 01:45:00,643.38
2024-11-16 02:45:00,643.38
2024-11-17 03:45:00,643.38
2024-11-18 04:45:00,643.38
2024-11-19 05:45:00,643.38
2024-11-20 06:45:00,643.38
2024-11-21 07:45:00,643.38
2024-11-22 08:45:00,643.38
2024-11-23 09:45:00,643.38
2024-11-24 10:45:00,643.38
2024-11-25 11:45:00,643.38
2024-11-26 12:45:00,643.38
2024-11-27 13:45:00,643.38
2024-11-28 14:45:00,643.38
2024-11-29 15:45:00,643.38
2024-11-30 16:45:00,643.38
2024-12-01 17:45:00,643.38
2024-12-02 18:45:00,643.38
2024-12-03 19:45:00,643.38
2024-12-04 20:45:00,643.38
2024-12-05 21:45:00,643.38
2024-12-06 22:45:00,643.38
2024-12-07 23:45:00,643.38
2024-12-09 00:45:00,643.38
2024-12-10 01:45:00,643.38
2024-12-11 02:45:00,643.38
2024-12-12 03:45:00,643.38
2024-12-13 04:45:00,643.38
2024-12-14 05:45:00,643.38
2024-12-15 06:45:00,643.38
2024-12-16 07:45:00,643.38
2024-12-17 08:45:00,643.38
2024-12-18 09:45:00,643.38
2024-12-19 10:45:00,643.38
2024-12-20 11:45:00,643.38
2024-12-21 12:45:00,643.38
2024-12-22 13:45:00,643.38
2024-12-23 14:45:00,643.38
2024-12-24 15:45:00,643.38
2024-12-25 16:45:00,643.38
2024-12-26 17:45:00,643.38
2024-12-27 18:45:00,643.38
2024-12-28 19:45:00,643.38
2024-12-29 20:45:00,643.38
2024-12-30 21:45:00,643.38
2024-12-31 22:45:00,643.38
2025-01-01 23:45:00,643.38
2025-01-03 00:45:00,643.38
2025-01-04 01:45:00,643.38
2025-01-05 02:45:00,643.38
2025-01-06 03:45:00,643.38
2025-01-07 04:45:00,643.38
2025-01-08 05:45:00,643.38
2025-01-09 06:45:00,643.38
2025-01-10 07:45:00,643.38
2025-01-11 08:45:00,643.38
2025-01-12 09:45:00,643.38
2025-01-13 10:45:00,643.38
2025-01-14 11:45:00,643.38
2025-01-15 12:45:00,643.38
2025-01-16 13:45:00,643.38
2025-01-17 14:45:00,643.38
2025-01-18 15:45:00,643.38
2025-01-19 16:45:00,643.38
2025-01-20 17:45:00,643.38
2025-01-21 18:45:00,643.38
2025-01-22 19:45:00,643.38
2025-01-23 20:45:00,643.38
2025-01-24 21:45:00,643.38
2025-01-25 22:45:00,643.38
2025-01-26 23:45:00,643.38
2025-01-28 00:45:00,643.38
2025-01-29 01:45:00,643.38
2025-01-30 02:45:00,643.38
2025-01-31 03:45:00,643.38
2025-02-01 04:45:00,643.38
2025-02-02 05:45:00,643.38
2025-02-03 06:45:00,643.38
2025-02-04 07:45:00,643.38
2025-02-05 08:45:00,643.38
2025-02-06 09:45:00,643.38
2025-02-07 10:45:00,643.38
2025-02-08 11:45:00,643.38
2025-02-09 12:45:00,643.38
2025-02-10 13:45:00,643.38
2025-02-11 14:45:00,643.38
2025-02-12 15:45:00,643.38
2025-02-13 16:45:00,643.38
2025-02-14 17:45:00,643.38
2025-02-15 18:45:00,643.38
2025-02-16 19:45:00,643.38
2025-02-17 20:45:00,643.38
2025-02-18 21:45:00,643.38
2025-02-19 22:45:00,643.38
2025-02-20 23:45:00,643.38
2025-02-22 00:45:00,643.38
2025-02-23 01:45:00,643.38
2025-02-24 02:45:00,643.38
2025-02-25 03:45:00,643.38
2025-02-26 04:45:00,643.38
2025-02-27 05:45:00,643.38
2025-02-28 06:45:00,643.38
2025-03-01 07:45:00,643.38
2025-03-02 08:45:00,643.38
2025-03-03 09:45:00,643.38
2025-03-04 10:45:00,643.38
2025-03-05 11:45:00,643.38
2025-03-06 12:45:00,643.38
2025-03-07 13:45:00,643.38
2025-03-08 14:45:00,643.38
2025-03-09 15:45:00,643.38
2025-03-10 16:45:00,643.38
2025-03-11 17:45:00,643.38
2025-03-12 18:45:00,643.38
2025-03-13 19:45:00,643.38
2025-03-14 20:45:00,643.38
2025-03-15 21:45:00,643.38
2025-03-16 22:45:00,643.38
2025-03-17 23:45:00,643.38
2025-03-19 00:45:00,643.38
2025-03-20 01:45:00,643.38
2025-03-21 02:45:00,643.38
2025-03-22 03:45:00,643.38
2025-03-23 04:45:00,643.38
2025-03-24 05:45:00,643.38
2025-03-25 06:45:00,643.38
2025-03-26 07:45:00,643.38
2025-03-27 08:45:00,643.38
2025-03-28 09:45:00,643.38
2025-03-29 10:45:00,643.38
2025-03-30 11:45:00,643.38
2025-03-31 12:45:00,643.38
2025-04-01 13:45:00,643.38
2025-04-02 14:45:00,643.38
2025-04-03 15:45:00,643.38
2025-04-04 16:45:00,643.38
2025-04-05 17:45:00,643.38
2025-04-06 18:45:00,643.38
2025-04-07 19:45:00,643.38
2025-04-08 20:45:00,643.38
2025-04-09 21:45:00,643.38
2025-04-10 22:45:00,643.38
2025-04-11 23:45:00,643.38
2025-04-13 00:45:00,643.38
2025-04-14 01:45:00,643.38
2025-04-15 02:45:00,643.38
2025-04-16 03:45:00,643.38
2025-04-17 04:45:00,643.38
2025-04-18 05:45:00,643.38
2025-04-19 06:45:00,643.38
2025-04-20 07:45:00,643.38
2025-04-21 08:45:00,643.38
2025-04-22 09:45:00,643.38
2025-04-23 10:45:00,643.38
2025-04-24 11:45:00,643.38
2025-04-25 12:45:00,643.38
2025-04-26 13:45:00,643.38
2025-04-27 14:45:00,643.38
2025-04-28 15:45:00,643.38
2025-04-29 16:45:00,643.38
2025-04-30 17:45:00,643.38
2025-05-01 18:45:00,643.38
2025-05-02 19:45:00,643.38
2025-05-03 20:45:00,643.38
2025-05-04 21:45:00,643.38
2025-05-05 22:45:00,643.38
2025-05-06 23:45:00,643.38
2025-05-08 00:45:00,643.38
2025-05-09 01:45:00,643.38
2025-05-10 02:45:00,643.38
2025-05-11 03:45:00,643.38
2025-05-12 04:45:00,643.38
2025-05-13 05:45:00,643.38
2025-05-14 06:45:00,643.38
2025-05-15 07:45:00,643.38
2025-05-16 08:45:00,643.38
2025-05-17 09:45:00,643.38
2025-05-18 10:45:00,643.38
2025-05-19 11:45:00,643.38
2025-05-20 12:45:00,643.38
2025-05-21 13:45:00,643.38
2025-05-22 14:45:00,643.38
2025-05-23 15:45:00,643.38
2025-05-24 16:45:00,643.38
2025-05-25 17:45:00,643.38
2025-05-26 18:45:00,643.38
2025-05-27 19:45:00,643.38
2025-05-28 20:45:00,643.38
2025-05-29 21:45:00,643.38
2025-05-30 22:45:00,643.38
2025-05-31 23:45:00,643.38
2025-06-02 00:45:00,643.38
2025-06-03 01:45:00,643.38
2025-06-04 02:45:00,643.38
2025-06-05 03:45:00,643.38
2025-06-06 04:45:00,643.38
2025-06-07 05:45:00,643.38
2025-06-08 06:45:00,643.38
2025-06-09 07:45:00,643.38
2025-06-10 08:45:00,643.38
2025-06-11 09:45:00,643.38
2025-06-12 10:45:00,643.38
2025-06-13 11:45:00,643.38
2025-06-14 12:45:00,643.38
2025-06-15 13:45:00,643.38
2025-06-16 14:45:00,643.38
2025-06-17 15:45:00,643.38
2025-06-18 16:45:00,643.38
2025-06-19 17:45:00,643.38
2025-06-20 18:45:00,643.38
2025-06-21 19:45:00,643.38
2025-06-22 20:45:00,643.38
2025-06-23 21:45:00,643.38
2025-06-24 22:45:00,643.38
2025-06-25 23:45:00,643.38
2025-06-27 00:45:00,643.38
2025-06-28 01:45:00,643.38
2025-06-29 02:45:00,643.38
2025-06-30 03:45:00,643.38
2025-07-01 04:45:00,643.38
2025-07-02 05:45:00,643.38
2025-07-03 06:45:00,643.38
2025-07-04 07:45:00,643.38
2025-07-05 08:45:00,643.38
2025-07-06 09:45:00,643.38
2025-07-07 10:45:00,643.38
2025-07-08 11:45:00,643.38
2025-07-09 12:45:00,643.38
2025-07-10 13:45:00,643.38
2025-07-11 14:45:00,643.38
2025-07-12 15:45:00,643.38
2025-07-13 16:45:00,643.38
2025-07-14 17:45:00,643.38
2025-07-15 18:45:00,643.38
2025-07-16 19:45:00,643.38
2025-07-17 20:45:00,643.38
2025-07-18 21:45:00,643.38
2025-07-19 22:45:00,643.38
2025-07-20 23:45:00,643.38
2025-07-22 00:45:00,643.38
2025-07-23 01:45:00,643.38
2025-07-24 02:45:00,643.38
2025-07-25 03:45:00,643.38
2025-07-26 04:45:00,643.38
2025-07-27 05:45:00,643.38
2025-07-28 06:45:00,643.38
2025-07-29 07:45:00,643.38
2025-07-30 08:45:00,643.38
2025-07-31 09:45:00,643.38
2025-08-01 10:45:00,643.38
2025-08-02 11:45:00,643.38
2025-08-03 12:45:00,643.38
2025-08-04 13:45:00,643.38
2025-08-05 14:45:00,643.38
2025-08-06 15:45:00,643.38
2025-08-07 16:45:00,643.38
2025-08-08 17:45:00,643.38
2025-08-09 18:45:00,643.38
2025-08-10 19:45:00,643.38
2025-08-11 20:45:00,643.38
2025-08-12 21:45:00,643.38
2025-08-13 22:45:00,643.38
2025-08-14 23:45:00,643.38
2025-08-16 00:45:00,643.38
2025-08-17 01:45:00,643.38
2025-08-18 02:45:00,643.38
2025-08-19 03:45:00,643.38
2025-08-20 04:45:00,643.38
2025-08-21 05:45:00,643.38
2025-08-22 06:45:00,643.38
2025-08-23 07:45:00,643.38
2025-08-24 08:45:00,643.38
2025-08-25 09:45:00,643.38
2025-08-26 10:45:00,643.38
2025-08-27 11:45:00,643.38
2025-08-28 12:45:00,643.38
2025-08-29 13:45:00,643.38
2025-08-30 14:45:00,643.38
2025-08-31 15:45:00,643.38
2025-09-01 16:45:00,643.38
2025-09-02 17:45:00,643.38
2025-09-03 18:45:00,643.38
2025-09-04 19:45:00,643.38
2025-09-05 20:45:00,643.38
2025-09-06 21:45:00,643.38
2025-09-07 22:45:00,643.38
2025-09-08 23:45:00,643.38
2025-09-10 00:45:00,643.38
2025-09-11 01:45:00,643.38
2025-09-12 02:45:00,643.38
2025-09-13 03:45:00,643.38
2025-09-14 04:45:00,643.38
2025-09-15 05:45:00,643.38
2025-09-16 06:45:00,643.38
2025-09-17 07:45:00,643.38
2025-09-18 08:45:00,643.38
2025-09-19 09:45:00,643.38
2025-09-20 10:45:00,643.38
2025-09-21 11:45:00,643.38
2025-09-22 12:45:00,643.38
2025-09-23 13:45:00,643.38
2025-09-24 14:45:00,643.38
2025-09-25 15:45:00,643.38
2025-09-26 16:45:00,643.38
2025-09-27 17:45:00,643.38
2025-09-28 18:45:00,643.38
2025-09-29 19:45:00,643.38
2025-09-30 20:45:00,643.38
2025-10-01 21:45:00,643.38
2025-10-02 22:45:00,643.38
2025-10-03 23:45:00,643.38
2025-10-05 00:45:00,643.38
2025-10-06 01:45:00,643.38
2025-10-07 02:45:00,643.38
2025-10-08 03:45:00,643.38
2025-10-09 04:45:00,643.38
2025-10-10 05:45:00,643.38
2025-10-11 06:45:00,643.38
2025-10-12 07:45:00,643.38
2025-10-13 08:45:00,643.38
2025-10-14 09:45:00,643.38
2025-10-15 10:45:00,643.38
2025-10-16 11:45:00,643.38
2025-10-17 12:45:00,643.38
2025-10-18 13:45:00,643.38
2025-10-19 14:45:00,643.38
2025-10-20 15:45:00,643.38
2025-10-21 16:45:00,643.38
2025-10-22 17:45:00,643.38
2025-10-23 18:45:00,643.38
2025-10-24 19:45:00,643.38
2025-10-25 20:45:00,643.38
2025-10-26 21:45:00,643.38
2025-10-27 22:45:00,643.38
2025-10-28 23:45:00,643.38
2025-10-30 00:45:00,643.38
2025-10-31 01:45:00,643.38
2025-11-01 02:45:00,643.38
2025-11-02 03:45:00,643.38
2025-11-03 04:45:00,643.38
2025-11-04 05:45:00,643.38
2025-11-05 06:45:00,643.38
2025-11-06 07:45:00,643.38
2025-11-07 08:45:00,643.38
2025-11-08 09:45:00,643.38
2025-11-09 10:45:00,643.38
2025-11-10 11:45:00,643.38
2025-11-11 12:45:00,643.38
2025-11-12 13:45:00,643.38
2025-11-13 14:45:00,643.38
2025-11-14 15:45:00,643.38
2025-11-15 16:45:00,643.38
2025-11-16 17:45:00,643.38
2025-11-17 18:45:00,643.38
2025-11-18 19:45:00,643.38
2025-11-19 20:45:00,643.38
2025-11-20 21:45:00,643.38
2025-11-21 22:45:00,643.38
2025-11-22 23:45:00,643.38
2025-11-24 00:45:00,643.38
2025-11-25 01:45:00,643.38
2025-11-26 02:45:00,643.38
2025-11-27 03:45:00,643.38
2025-11-28 04:45:00,643.38
2025-11-29 05:45:00,643.38
2025-11-30 06:45:00,643.38
2025-12-01 07:45:00,643.38
2025-12-02 08:45:00,643.38
2025-12-03 09:45:00,643.38
2025-12-04 10:45:00,643.38
2025-12-05 11:45:00,643.38
2025-12-06 12:45:00,643.38
2025-12-07 13:45:00,643.38
2025-12-08 14:45:00,643.38
2025-12-09 15:45:00,643.38
2025-12-10 16:45:00,643.38
2025-12-11 17:45:00,643.38
2025-12-12 18:45:00,643.38
2025-12-13 19:45:00,643.38
2025-12-14 20:45:00,643.38
2025-12-15 21:45:00,643.38
2025-12-16 22:45:00,643.38
2025-12-17 23:45:00,643.38
2025-12-19 00:45:00,643.38
2025-12-20 01:45:00,643.38
2025-12-21 02:45:00,643.38
2025-12-22 03:45:00,643.38
2025-12-23 04:45:00,643.38
2025-12-24 05:45:00,643.38
2025-12-25 06:45:00,643.38
2025-12-26 07:45:00,643.38
2025-12-27 08:45:00,643.38
2025-12-28 09:45:00,643.38
2025-12-29 10:45:00,643.38
2025-12-30 11:45:00,643.38
2025-12-31 12:45:00,643.38
2026-01-01 13:45:00,643.38
2026-01-02 14:45:00,643.38
2026-01-03 15:45:00,643.38
2026-01-04 16:45:00,643.38
2026-01-05 17:45:00,643.38
2026-01-06 18:45:00,643.38
2026-01-07 19:45:00,643.38
2026-01-08 20:45:00,643.38
2026-01-09 21:45:00,643.38
2026-01-10 22:45:00,643.38
2026-01-11 23:45:00,643.38
2026-01-13 00:45:00,643.38
2026-01-14 01:45:00,643.38
2026-01-15 02:45:00,643.38
2026-01-16 03:45:00,643.38
2026-01-17 04:45:00,643.38
2026-01-18 05:45:00,643.38
2026-01-19 06:45:00,643.38
2026-01-20 07:45:00,643.38
2026-01-21 08:45:00,643.38
2026-01-22 09:45:00,643.38
2026-01-23 10:45:00,643.38
2026-01-24 11:45:00,643.38
2026-01-25 12:45:00,643.38
2026-01-26 13:45:00,643.38
2026-01-27 14:45:00,643.38
2026-01-28 15:45:00,643.38
2026-01-29 16:45:00,643.38
2026-01-30 17:45:00,643.38
2026-01-31 18:45:00,643.38
2026-02-01 19:45:00,643.38
2026-02-02 20:45:00,643.38
2026-02-03 21:45:00,643.38
2026-02-04 22:45:00,643.38
2026-02-05 23:45:00,643.38
2026-02-07 00:45:00,643.38
2026-02-08 01:45:00,643.38
2026-02-09 02:45:00,643.38
2026-02-10 03:45:00,643.38
2026-02-11 04:45:00,643.38
2026-02-12 05:45:00,643.38
2026-02-13 06:45:00,643.38
2026-02-14 07:45:00,643.38
2026-02-15 08:45:00,643.38
2026-02-16 09:45:00,643.38
2026-02-17 10:45:00,643.38
2026-02-18 11:45:00,643.38
2026-02-19 12:45:00,643.38
2026-02-20 13:45:00,643.38
2026-02-21 14:45:00,643.38
2026-02-22 15:45:00,643.38
2026-02-23 16:45:00,643.38
2026-02-24 17:45:00,643.38
2026-02-25 18:45:00,643.38
2026-02-26 19:45:00,643.38
2026-02-27 20:45:00,643.38
2026-02-28 21:45:00,643.38
2026-03-01 22:45:00,643.38
2026-03-02 23:45:00,643.38
2026-03-04 00:45:00,643.38
2026-03-05 01:45:00,643.38
2026-03-06 02:45:00,643.38
2026-03-07 03:45:00,643.38
2026-03-08 04:45:00,643.38
2026-03-09 05:45:00,643.38
2026-03-10 06:45:00,643.38
2026-03-11 07:45:00,643.38
2026-03-12 08:45:00,643.38
2026-03-13 09:45:00,643.38
2026-03-14 10:45:00,643.38
2026-03-15 11:45:00,643.38
2026-03-16 12:45:00,643.38
2026-03-17 13:45:00,643.38
2026-03-18 14:45:00,643.38
2026-03-19 15:45:00,643.38
2026-03-20 16:45:00,643.38
2026-03-21 17:45:00,643.38
2026-03-22 18:45:00,643.38
2026-03-23 19:45:00,643.38
2026-03-24 20:45:00,643.38
2026-03-25 21:45:00,643.38
2026-03-26 22:45:00,643.38
2026-03-27 23:45:00,643.38
2026-03-29 00:45:00,643.38
2026-03-30 01:45:00,643.38
2026-03-31 02:45:00,643.38
2026-04-01 03:45:00,643.38
2026-04-02 04:45:00,643.38
2026-04-03 05:45:00,643.38
2026-04-04 06:45:00,643.38
2026-04-05 07:45:00,643.38
2026-04-06 08:45:00,643.38
2026-04-07 09:45:00,643.38
2026-04-08 10:45:00,643.38
2026-04-09 11:45:00,643.38
2026-04-10 12:45:00,643.38
2026-04-11 13:45:00,643.38
2026-04-12 14:45:00,643.38
2026-04-13 15:45:00,643.38
